INSERT INTO students VALUES (10001,'Alex','Morgan','alex.morgan@example.edu','Computer Science',3.40);
INSERT INTO students VALUES (10002,'Maya','Singh','maya.singh@example.edu','Information Technology',3.10);
INSERT INTO students VALUES (10003,'Jake','Brown','jake.brown@example.edu','Software Engineering',2.85);
INSERT INTO students VALUES (10004,'Samira','Khan','samira.khan@example.edu','Cyber Security',3.65);
INSERT INTO students VALUES (10005,'Daniel','Lee','daniel.lee@example.edu','Data Science',3.25);
INSERT INTO companies VALUES (20001,'TechFuture Ltd','careers@techfuture.example','London','Y');
INSERT INTO companies VALUES (20002,'InnovaSoft','jobs@innovasoft.example','Manchester','Y');
INSERT INTO companies VALUES (20003,'DataWorks Group','placements@dataworks.example','Birmingham','N');
INSERT INTO job_postings VALUES (30001,20001,'Software Engineering Intern','I','Computer Science student; GPA 3.0 or above','2025-07-30');
INSERT INTO job_postings VALUES (30002,20002,'Junior Developer','J','Final-year student; SQL and Java','2025-08-20');
INSERT INTO job_postings VALUES (30003,20001,'Cyber Security Intern','I','Networking and Linux fundamentals','2025-08-15');
INSERT INTO job_postings VALUES (30004,20002,'Data Analyst Intern','I','SQL and data visualisation','2025-08-25');
INSERT INTO applications VALUES (40001,10001,30001,'2025-07-01','Applied');
INSERT INTO applications VALUES (40002,10002,30002,'2025-07-03','Shortlisted');
INSERT INTO applications VALUES (40003,10004,30003,'2025-07-04','Shortlisted');
INSERT INTO applications VALUES (40004,10005,30001,'2025-07-05','Rejected');
INSERT INTO applications VALUES (40005,10001,30003,'2025-07-06','Shortlisted');
INSERT INTO applications VALUES (40006,10003,30004,'2025-07-07','Shortlisted');
INSERT INTO applications VALUES (40007,10002,30004,'2025-07-08','Rejected');
INSERT INTO interviews VALUES (50001,40002,'2025-07-15','10:00','Passed');
INSERT INTO interviews VALUES (50002,40003,'2025-07-16','13:30','Passed');
INSERT INTO interviews VALUES (50003,40005,'2025-07-18','14:30','Pending');
INSERT INTO interviews VALUES (50004,40006,'2025-07-21','09:30','Failed');
INSERT INTO offers VALUES (60001,50001,'2025-07-16','2025-09-01',26000,'Y');
INSERT INTO offers VALUES (60002,50002,'2025-07-17','2025-09-08',28000,'Y');
